SHIPPING_ID,ORDER_ID,TRACKING_NUMBER,SHIPPING_DATE,ESTIMATED_DELIVERY,ACTUAL_DELIVERY,STATUS,CARRIER
1,1,TRK00000001,2023-06-20,2023-06-23,2023-06-27,IN_TRANSIT,UPS
2,2,TRK00000002,2023-04-27,2023-04-29,2023-04-27,RETURNED,UPS
3,3,TRK00000003,2022-12-31,2023-01-03,2023-01-04,RETURNED,FEDEX
4,4,TRK00000004,2021-06-30,2021-07-03,2021-07-08,RETURNED,FEDEX
5,5,TRK00000005,2024-08-07,2024-08-10,2024-08-12,RETURNED,DHL
6,6,TRK00000006,2021-12-13,2021-12-20,2021-12-18,IN_TRANSIT,FEDEX
7,7,TRK00000007,2023-08-01,2023-08-06,2023-08-11,DELIVERED,FEDEX
8,8,TRK00000008,2023-08-22,2023-08-25,2023-08-23,IN_TRANSIT,FEDEX
9,9,TRK00000009,2021-01-22,2021-02-01,2021-02-03,IN_TRANSIT,FEDEX
10,10,TRK00000010,2022-12-17,2022-12-22,2022-12-25,IN_TRANSIT,DHL
11,11,TRK00000011,2019-11-23,2019-11-26,2019-11-29,RETURNED,UPS
12,12,TRK00000012,2024-07-13,2024-07-20,2024-07-22,IN_TRANSIT,UPS
13,13,TRK00000013,2024-10-16,2024-10-23,2024-10-21,DELIVERED,UPS
14,14,TRK00000014,2019-05-05,2019-05-07,2019-05-11,IN_TRANSIT,DHL
15,15,TRK00000015,2024-06-22,2024-06-28,2024-07-02,DELIVERED,UPS
16,16,TRK00000016,2020-06-24,2020-07-01,2020-07-01,RETURNED,UPS
17,17,TRK00000017,2020-09-26,2020-10-06,2020-10-06,RETURNED,UPS
18,18,TRK00000018,2024-07-10,2024-07-19,2024-07-24,IN_TRANSIT,UPS
19,19,TRK00000019,2023-07-22,2023-07-27,2023-08-01,IN_TRANSIT,FEDEX
20,20,TRK00000020,2021-02-02,2021-02-04,2021-02-07,IN_TRANSIT,UPS
21,21,TRK00000021,2019-01-11,2019-01-13,2019-01-11,RETURNED,FEDEX
22,22,TRK00000022,2024-04-04,2024-04-13,2024-04-16,IN_TRANSIT,DHL
23,23,TRK00000023,2023-04-16,2023-04-24,2023-04-23,RETURNED,DHL
24,24,TRK00000024,2021-07-31,2021-08-03,2021-08-07,IN_TRANSIT,UPS
25,25,TRK00000025,2024-07-11,2024-07-13,2024-07-13,RETURNED,FEDEX
26,26,TRK00000026,2020-06-14,2020-06-21,2020-06-25,IN_TRANSIT,FEDEX
27,27,TRK00000027,2022-11-13,2022-11-16,2022-11-18,RETURNED,UPS
28,28,TRK00000028,2023-03-21,2023-03-25,2023-03-24,IN_TRANSIT,DHL
29,29,TRK00000029,2024-02-22,2024-03-03,2024-03-01,RETURNED,DHL
30,30,TRK00000030,2022-03-25,2022-03-29,2022-03-28,IN_TRANSIT,UPS
31,31,TRK00000031,2023-11-05,2023-11-12,2023-11-13,RETURNED,FEDEX
32,32,TRK00000032,2022-10-15,2022-10-22,2022-10-27,DELIVERED,DHL
33,33,TRK00000033,2023-03-02,2023-03-06,2023-03-06,RETURNED,FEDEX
34,34,TRK00000034,2023-03-15,2023-03-21,2023-03-21,DELIVERED,FEDEX
35,35,TRK00000035,2020-09-07,2020-09-17,2020-09-17,RETURNED,FEDEX
36,36,TRK00000036,2024-08-07,2024-08-14,2024-08-12,DELIVERED,UPS
37,37,TRK00000037,2022-06-09,2022-06-18,2022-06-17,IN_TRANSIT,UPS
38,38,TRK00000038,2023-05-23,2023-05-27,2023-05-30,DELIVERED,FEDEX
39,39,TRK00000039,2023-06-24,2023-07-02,2023-07-03,DELIVERED,DHL
40,40,TRK00000040,2023-08-15,2023-08-20,2023-08-18,IN_TRANSIT,DHL
41,41,TRK00000041,2020-02-11,2020-02-21,2020-02-22,RETURNED,UPS
42,42,TRK00000042,2022-08-29,2022-09-01,2022-08-31,RETURNED,FEDEX
43,43,TRK00000043,2023-08-04,2023-08-12,2023-08-16,IN_TRANSIT,UPS
44,44,TRK00000044,2024-10-13,2024-10-17,2024-10-19,IN_TRANSIT,DHL
45,45,TRK00000045,2020-06-13,2020-06-21,2020-06-25,DELIVERED,DHL
46,46,TRK00000046,2020-05-29,2020-05-31,2020-05-29,RETURNED,UPS
47,47,TRK00000047,2022-02-20,2022-02-25,2022-02-28,DELIVERED,UPS
48,48,TRK00000048,2021-10-23,2021-10-31,2021-11-03,DELIVERED,DHL
49,49,TRK00000049,2019-04-11,2019-04-18,2019-04-16,IN_TRANSIT,DHL
50,50,TRK00000050,2019-11-21,2019-11-30,2019-11-28,IN_TRANSIT,FEDEX
51,51,TRK00000051,2021-10-11,2021-10-19,2021-10-17,DELIVERED,DHL
52,52,TRK00000052,2019-01-15,2019-01-18,2019-01-19,DELIVERED,DHL
53,53,TRK00000053,2023-04-09,2023-04-17,2023-04-16,IN_TRANSIT,FEDEX
54,54,TRK00000054,2021-06-27,2021-07-02,2021-07-07,IN_TRANSIT,DHL
55,55,TRK00000055,2020-12-15,2020-12-24,2020-12-24,DELIVERED,FEDEX
56,56,TRK00000056,2023-07-01,2023-07-04,2023-07-04,DELIVERED,DHL
57,57,TRK00000057,2024-04-29,2024-05-09,2024-05-08,DELIVERED,DHL
58,58,TRK00000058,2019-10-19,2019-10-28,2019-10-31,IN_TRANSIT,DHL
59,59,TRK00000059,2021-04-04,2021-04-09,2021-04-09,DELIVERED,DHL
60,60,TRK00000060,2023-12-04,2023-12-11,2023-12-09,DELIVERED,FEDEX
61,61,TRK00000061,2022-07-08,2022-07-12,2022-07-10,RETURNED,DHL
62,62,TRK00000062,2024-03-19,2024-03-26,2024-03-29,DELIVERED,FEDEX
63,63,TRK00000063,2022-04-11,2022-04-15,2022-04-19,RETURNED,DHL
64,64,TRK00000064,2022-01-24,2022-01-29,2022-01-28,IN_TRANSIT,FEDEX
65,65,TRK00000065,2019-10-21,2019-10-24,2019-10-26,IN_TRANSIT,DHL
66,66,TRK00000066,2024-03-20,2024-03-26,2024-03-26,IN_TRANSIT,DHL
67,67,TRK00000067,2021-02-06,2021-02-15,2021-02-15,IN_TRANSIT,DHL
68,68,TRK00000068,2021-12-26,2022-01-05,2022-01-03,DELIVERED,DHL
69,69,TRK00000069,2022-11-11,2022-11-20,2022-11-24,DELIVERED,FEDEX
70,70,TRK00000070,2020-06-08,2020-06-12,2020-06-13,RETURNED,DHL
71,71,TRK00000071,2021-07-13,2021-07-21,2021-07-24,DELIVERED,DHL
72,72,TRK00000072,2022-06-10,2022-06-17,2022-06-17,IN_TRANSIT,DHL
73,73,TRK00000073,2019-05-19,2019-05-23,2019-05-28,IN_TRANSIT,UPS
74,74,TRK00000074,2021-08-19,2021-08-23,2021-08-26,DELIVERED,DHL
75,75,TRK00000075,2022-03-18,2022-03-21,2022-03-19,DELIVERED,UPS
76,76,TRK00000076,2023-09-26,2023-10-01,2023-10-02,RETURNED,DHL
77,77,TRK00000077,2019-01-09,2019-01-13,2019-01-16,IN_TRANSIT,DHL
78,78,TRK00000078,2021-12-06,2021-12-16,2021-12-17,RETURNED,FEDEX
79,79,TRK00000079,2019-10-30,2019-11-06,2019-11-09,DELIVERED,UPS
80,80,TRK00000080,2023-01-30,2023-02-01,2023-01-31,IN_TRANSIT,FEDEX
81,81,TRK00000081,2019-07-02,2019-07-10,2019-07-14,IN_TRANSIT,FEDEX
82,82,TRK00000082,2022-05-29,2022-06-04,2022-06-04,IN_TRANSIT,DHL
83,83,TRK00000083,2020-01-09,2020-01-11,2020-01-15,RETURNED,FEDEX
84,84,TRK00000084,2023-03-13,2023-03-16,2023-03-21,IN_TRANSIT,UPS
85,85,TRK00000085,2022-11-30,2022-12-02,2022-12-03,RETURNED,DHL
86,86,TRK00000086,2021-06-21,2021-06-27,2021-06-30,DELIVERED,DHL
87,87,TRK00000087,2020-12-18,2020-12-21,2020-12-21,DELIVERED,DHL
88,88,TRK00000088,2024-04-18,2024-04-25,2024-04-25,RETURNED,UPS
89,89,TRK00000089,2024-05-27,2024-05-29,2024-05-27,IN_TRANSIT,UPS
90,90,TRK00000090,2022-04-01,2022-04-05,2022-04-06,DELIVERED,FEDEX
91,91,TRK00000091,2020-11-23,2020-12-01,2020-12-04,IN_TRANSIT,UPS
92,92,TRK00000092,2024-05-13,2024-05-21,2024-05-21,IN_TRANSIT,DHL
93,93,TRK00000093,2022-08-27,2022-08-30,2022-08-30,IN_TRANSIT,UPS
94,94,TRK00000094,2019-06-05,2019-06-10,2019-06-15,RETURNED,FEDEX
95,95,TRK00000095,2024-03-01,2024-03-09,2024-03-12,DELIVERED,UPS
96,96,TRK00000096,2019-08-18,2019-08-21,2019-08-24,IN_TRANSIT,DHL
97,97,TRK00000097,2022-01-06,2022-01-10,2022-01-11,IN_TRANSIT,DHL
98,98,TRK00000098,2024-10-26,2024-11-04,2024-11-02,RETURNED,FEDEX
99,99,TRK00000099,2019-01-24,2019-01-26,2019-01-24,RETURNED,UPS
100,100,TRK00000100,2019-05-12,2019-05-21,2019-05-26,RETURNED,UPS
101,101,TRK00000101,2021-10-04,2021-10-12,2021-10-15,DELIVERED,DHL
102,102,TRK00000102,2021-05-16,2021-05-19,2021-05-19,RETURNED,UPS
103,103,TRK00000103,2020-11-10,2020-11-14,2020-11-18,DELIVERED,FEDEX
104,104,TRK00000104,2024-06-07,2024-06-10,2024-06-14,RETURNED,DHL
105,105,TRK00000105,2020-01-21,2020-01-30,2020-01-29,DELIVERED,FEDEX
106,106,TRK00000106,2024-02-12,2024-02-15,2024-02-16,DELIVERED,UPS
107,107,TRK00000107,2020-08-27,2020-08-29,2020-09-03,DELIVERED,FEDEX
108,108,TRK00000108,2020-05-21,2020-05-29,2020-05-28,IN_TRANSIT,DHL
109,109,TRK00000109,2019-04-05,2019-04-15,2019-04-18,RETURNED,FEDEX
110,110,TRK00000110,2020-04-10,2020-04-19,2020-04-21,DELIVERED,DHL
111,111,TRK00000111,2020-01-14,2020-01-18,2020-01-16,IN_TRANSIT,UPS
112,112,TRK00000112,2024-09-01,2024-09-07,2024-09-06,IN_TRANSIT,DHL
113,113,TRK00000113,2024-05-21,2024-05-31,2024-06-01,DELIVERED,DHL
114,114,TRK00000114,2024-12-14,2024-12-17,2024-12-16,IN_TRANSIT,UPS
115,115,TRK00000115,2022-05-06,2022-05-14,2022-05-12,RETURNED,UPS
116,116,TRK00000116,2024-07-12,2024-07-15,2024-07-18,IN_TRANSIT,UPS
117,117,TRK00000117,2020-12-16,2020-12-25,2020-12-25,DELIVERED,DHL
118,118,TRK00000118,2023-03-18,2023-03-28,2023-04-01,IN_TRANSIT,UPS
119,119,TRK00000119,2021-10-21,2021-10-29,2021-10-29,RETURNED,FEDEX
120,120,TRK00000120,2022-02-25,2022-03-06,2022-03-06,IN_TRANSIT,DHL
121,121,TRK00000121,2022-05-11,2022-05-18,2022-05-21,DELIVERED,FEDEX
122,122,TRK00000122,2021-07-02,2021-07-09,2021-07-09,RETURNED,DHL
123,123,TRK00000123,2023-11-06,2023-11-13,2023-11-16,DELIVERED,FEDEX
124,124,TRK00000124,2019-11-16,2019-11-19,2019-11-19,DELIVERED,UPS
125,125,TRK00000125,2020-05-04,2020-05-13,2020-05-13,RETURNED,UPS
126,126,TRK00000126,2020-10-22,2020-10-29,2020-11-03,IN_TRANSIT,UPS
127,127,TRK00000127,2024-11-27,2024-11-29,2024-11-28,RETURNED,FEDEX
128,128,TRK00000128,2020-03-16,2020-03-20,2020-03-19,DELIVERED,UPS
129,129,TRK00000129,2023-07-03,2023-07-11,2023-07-15,RETURNED,UPS
130,130,TRK00000130,2022-11-20,2022-11-28,2022-12-03,RETURNED,FEDEX
131,131,TRK00000131,2020-11-05,2020-11-10,2020-11-13,IN_TRANSIT,UPS
132,132,TRK00000132,2020-02-16,2020-02-22,2020-02-24,DELIVERED,DHL
133,133,TRK00000133,2024-06-03,2024-06-12,2024-06-14,DELIVERED,DHL
134,134,TRK00000134,2023-05-30,2023-06-01,2023-06-03,IN_TRANSIT,UPS
135,135,TRK00000135,2020-11-03,2020-11-05,2020-11-10,IN_TRANSIT,FEDEX
136,136,TRK00000136,2019-09-06,2019-09-15,2019-09-20,IN_TRANSIT,DHL
137,137,TRK00000137,2024-08-02,2024-08-11,2024-08-15,DELIVERED,DHL
138,138,TRK00000138,2020-09-10,2020-09-18,2020-09-22,IN_TRANSIT,DHL
139,139,TRK00000139,2020-07-28,2020-08-05,2020-08-04,DELIVERED,UPS
140,140,TRK00000140,2021-03-01,2021-03-10,2021-03-12,RETURNED,FEDEX
141,141,TRK00000141,2020-08-30,2020-09-04,2020-09-05,RETURNED,DHL
142,142,TRK00000142,2024-07-15,2024-07-20,2024-07-18,DELIVERED,DHL
143,143,TRK00000143,2020-05-27,2020-06-05,2020-06-09,DELIVERED,FEDEX
144,144,TRK00000144,2024-11-14,2024-11-21,2024-11-19,IN_TRANSIT,DHL
145,145,TRK00000145,2023-09-12,2023-09-15,2023-09-17,DELIVERED,FEDEX
146,146,TRK00000146,2022-09-29,2022-10-05,2022-10-07,RETURNED,UPS
147,147,TRK00000147,2021-07-15,2021-07-20,2021-07-19,IN_TRANSIT,DHL
148,148,TRK00000148,2021-08-21,2021-08-27,2021-09-01,IN_TRANSIT,FEDEX
149,149,TRK00000149,2023-10-18,2023-10-25,2023-10-29,IN_TRANSIT,UPS
150,150,TRK00000150,2022-05-13,2022-05-18,2022-05-23,DELIVERED,DHL
151,151,TRK00000151,2021-05-16,2021-05-20,2021-05-21,DELIVERED,UPS
152,152,TRK00000152,2022-07-11,2022-07-20,2022-07-23,IN_TRANSIT,DHL
153,153,TRK00000153,2021-05-11,2021-05-19,2021-05-23,IN_TRANSIT,UPS
154,154,TRK00000154,2022-10-06,2022-10-09,2022-10-10,DELIVERED,FEDEX
155,155,TRK00000155,2023-08-22,2023-08-24,2023-08-28,DELIVERED,UPS
156,156,TRK00000156,2021-05-25,2021-06-01,2021-06-06,RETURNED,FEDEX
157,157,TRK00000157,2023-05-04,2023-05-14,2023-05-16,RETURNED,UPS
158,158,TRK00000158,2019-01-23,2019-01-29,2019-01-27,IN_TRANSIT,UPS
159,159,TRK00000159,2020-06-22,2020-06-29,2020-06-29,DELIVERED,FEDEX
160,160,TRK00000160,2020-08-05,2020-08-07,2020-08-12,RETURNED,DHL
161,161,TRK00000161,2022-09-09,2022-09-18,2022-09-20,DELIVERED,DHL
162,162,TRK00000162,2024-04-20,2024-04-23,2024-04-28,DELIVERED,FEDEX
163,163,TRK00000163,2023-01-13,2023-01-22,2023-01-23,IN_TRANSIT,UPS
164,164,TRK00000164,2021-08-03,2021-08-08,2021-08-09,DELIVERED,UPS
165,165,TRK00000165,2020-10-05,2020-10-12,2020-10-11,RETURNED,FEDEX
166,166,TRK00000166,2019-02-06,2019-02-10,2019-02-10,DELIVERED,DHL
167,167,TRK00000167,2023-06-10,2023-06-19,2023-06-19,IN_TRANSIT,UPS
168,168,TRK00000168,2020-08-31,2020-09-05,2020-09-08,RETURNED,UPS
169,169,TRK00000169,2021-10-29,2021-11-03,2021-11-05,DELIVERED,FEDEX
170,170,TRK00000170,2020-12-14,2020-12-20,2020-12-23,RETURNED,UPS
171,171,TRK00000171,2023-07-29,2023-08-01,2023-07-31,RETURNED,UPS
172,172,TRK00000172,2023-02-15,2023-02-17,2023-02-18,RETURNED,DHL
173,173,TRK00000173,2023-05-24,2023-06-02,2023-06-06,IN_TRANSIT,UPS
174,174,TRK00000174,2021-11-24,2021-11-29,2021-11-30,IN_TRANSIT,UPS
175,175,TRK00000175,2023-08-18,2023-08-22,2023-08-21,RETURNED,DHL
176,176,TRK00000176,2020-09-07,2020-09-16,2020-09-21,RETURNED,DHL
177,177,TRK00000177,2022-11-27,2022-12-06,2022-12-05,DELIVERED,DHL
178,178,TRK00000178,2024-03-04,2024-03-09,2024-03-14,IN_TRANSIT,FEDEX
179,179,TRK00000179,2021-09-16,2021-09-18,2021-09-16,IN_TRANSIT,UPS
180,180,TRK00000180,2019-11-12,2019-11-18,2019-11-18,DELIVERED,FEDEX
181,181,TRK00000181,2021-04-19,2021-04-22,2021-04-21,RETURNED,UPS
182,182,TRK00000182,2022-11-01,2022-11-11,2022-11-13,RETURNED,DHL
183,183,TRK00000183,2020-06-04,2020-06-06,2020-06-08,IN_TRANSIT,FEDEX
184,184,TRK00000184,2024-03-03,2024-03-10,2024-03-12,RETURNED,UPS
185,185,TRK00000185,2019-07-22,2019-07-30,2019-07-28,RETURNED,FEDEX
186,186,TRK00000186,2024-02-05,2024-02-11,2024-02-15,DELIVERED,DHL
187,187,TRK00000187,2019-03-15,2019-03-20,2019-03-19,IN_TRANSIT,UPS
188,188,TRK00000188,2021-11-01,2021-11-04,2021-11-03,IN_TRANSIT,DHL
189,189,TRK00000189,2023-07-07,2023-07-15,2023-07-18,RETURNED,UPS
190,190,TRK00000190,2021-05-31,2021-06-08,2021-06-08,RETURNED,UPS
191,191,TRK00000191,2023-09-10,2023-09-17,2023-09-22,IN_TRANSIT,FEDEX
192,192,TRK00000192,2023-06-26,2023-07-06,2023-07-10,DELIVERED,UPS
193,193,TRK00000193,2024-07-09,2024-07-17,2024-07-17,DELIVERED,DHL
194,194,TRK00000194,2021-07-02,2021-07-12,2021-07-13,DELIVERED,DHL
195,195,TRK00000195,2020-06-01,2020-06-11,2020-06-12,RETURNED,FEDEX
196,196,TRK00000196,2021-11-08,2021-11-17,2021-11-20,DELIVERED,DHL
197,197,TRK00000197,2019-08-03,2019-08-13,2019-08-11,DELIVERED,FEDEX
198,198,TRK00000198,2022-02-05,2022-02-13,2022-02-12,RETURNED,DHL
199,199,TRK00000199,2023-07-21,2023-07-30,2023-08-03,IN_TRANSIT,UPS
200,200,TRK00000200,2024-07-27,2024-08-04,2024-08-04,RETURNED,DHL
201,201,TRK00000201,2019-07-19,2019-07-28,2019-07-30,DELIVERED,UPS
202,202,TRK00000202,2021-05-05,2021-05-11,2021-05-11,RETURNED,UPS
203,203,TRK00000203,2024-10-06,2024-10-08,2024-10-08,IN_TRANSIT,DHL
204,204,TRK00000204,2019-08-27,2019-09-03,2019-09-07,DELIVERED,FEDEX
205,205,TRK00000205,2019-12-07,2019-12-10,2019-12-09,DELIVERED,UPS
206,206,TRK00000206,2022-02-22,2022-02-28,2022-02-27,RETURNED,FEDEX
207,207,TRK00000207,2023-10-18,2023-10-25,2023-10-27,RETURNED,UPS
208,208,TRK00000208,2020-03-18,2020-03-27,2020-03-26,DELIVERED,DHL
209,209,TRK00000209,2020-10-27,2020-11-01,2020-11-05,DELIVERED,FEDEX
210,210,TRK00000210,2021-10-28,2021-11-02,2021-11-05,DELIVERED,FEDEX
211,211,TRK00000211,2021-09-20,2021-09-27,2021-10-01,IN_TRANSIT,UPS
212,212,TRK00000212,2021-08-12,2021-08-19,2021-08-22,RETURNED,FEDEX
213,213,TRK00000213,2020-05-09,2020-05-19,2020-05-19,IN_TRANSIT,DHL
214,214,TRK00000214,2020-12-19,2020-12-26,2020-12-26,DELIVERED,DHL
215,215,TRK00000215,2023-07-11,2023-07-13,2023-07-16,RETURNED,FEDEX
216,216,TRK00000216,2022-03-14,2022-03-21,2022-03-24,IN_TRANSIT,FEDEX
217,217,TRK00000217,2022-01-20,2022-01-29,2022-01-29,RETURNED,DHL
218,218,TRK00000218,2019-10-11,2019-10-18,2019-10-23,DELIVERED,DHL
219,219,TRK00000219,2021-06-17,2021-06-26,2021-07-01,RETURNED,FEDEX
220,220,TRK00000220,2022-06-23,2022-06-25,2022-06-24,DELIVERED,DHL
221,221,TRK00000221,2019-12-31,2020-01-07,2020-01-12,IN_TRANSIT,FEDEX
222,222,TRK00000222,2021-08-13,2021-08-18,2021-08-18,IN_TRANSIT,DHL
223,223,TRK00000223,2019-04-02,2019-04-09,2019-04-11,DELIVERED,FEDEX
224,224,TRK00000224,2023-03-17,2023-03-24,2023-03-23,IN_TRANSIT,FEDEX
225,225,TRK00000225,2024-05-25,2024-05-28,2024-05-26,IN_TRANSIT,DHL
226,226,TRK00000226,2023-01-16,2023-01-22,2023-01-24,DELIVERED,UPS
227,227,TRK00000227,2023-06-26,2023-07-02,2023-07-01,RETURNED,FEDEX
228,228,TRK00000228,2023-08-27,2023-09-03,2023-09-03,DELIVERED,FEDEX
229,229,TRK00000229,2023-12-01,2023-12-08,2023-12-11,RETURNED,DHL
230,230,TRK00000230,2023-03-06,2023-03-13,2023-03-13,DELIVERED,UPS
231,231,TRK00000231,2024-12-13,2024-12-21,2024-12-20,RETURNED,DHL
232,232,TRK00000232,2020-12-10,2020-12-12,2020-12-13,IN_TRANSIT,DHL
233,233,TRK00000233,2020-10-26,2020-10-30,2020-10-30,IN_TRANSIT,FEDEX
234,234,TRK00000234,2024-10-23,2024-10-25,2024-10-30,IN_TRANSIT,DHL
235,235,TRK00000235,2020-07-27,2020-07-29,2020-08-01,IN_TRANSIT,UPS
236,236,TRK00000236,2024-03-29,2024-04-07,2024-04-06,DELIVERED,UPS
237,237,TRK00000237,2019-12-28,2020-01-01,2019-12-30,DELIVERED,FEDEX
238,238,TRK00000238,2022-01-09,2022-01-14,2022-01-14,RETURNED,DHL
239,239,TRK00000239,2022-12-26,2023-01-04,2023-01-09,IN_TRANSIT,DHL
240,240,TRK00000240,2024-06-21,2024-06-30,2024-06-28,RETURNED,DHL
241,241,TRK00000241,2019-12-24,2020-01-03,2020-01-02,RETURNED,FEDEX
242,242,TRK00000242,2019-12-28,2020-01-02,2020-01-06,RETURNED,DHL
243,243,TRK00000243,2019-03-26,2019-04-05,2019-04-06,IN_TRANSIT,DHL
244,244,TRK00000244,2022-10-27,2022-11-03,2022-11-07,DELIVERED,DHL
245,245,TRK00000245,2019-11-26,2019-11-30,2019-11-28,DELIVERED,FEDEX
246,246,TRK00000246,2019-06-12,2019-06-21,2019-06-20,RETURNED,DHL
247,247,TRK00000247,2019-03-05,2019-03-10,2019-03-10,RETURNED,DHL
248,248,TRK00000248,2021-09-09,2021-09-12,2021-09-10,IN_TRANSIT,UPS
249,249,TRK00000249,2024-05-08,2024-05-11,2024-05-11,DELIVERED,UPS
250,250,TRK00000250,2023-02-27,2023-03-03,2023-03-08,RETURNED,FEDEX
251,251,TRK00000251,2020-10-30,2020-11-08,2020-11-07,RETURNED,DHL
252,252,TRK00000252,2020-12-04,2020-12-06,2020-12-06,RETURNED,DHL
253,253,TRK00000253,2021-04-27,2021-05-04,2021-05-06,DELIVERED,UPS
254,254,TRK00000254,2019-05-08,2019-05-12,2019-05-14,RETURNED,DHL
255,255,TRK00000255,2024-06-15,2024-06-25,2024-06-28,RETURNED,FEDEX
256,256,TRK00000256,2021-08-07,2021-08-17,2021-08-17,DELIVERED,DHL
257,257,TRK00000257,2021-11-18,2021-11-20,2021-11-23,RETURNED,DHL
258,258,TRK00000258,2024-09-04,2024-09-08,2024-09-06,DELIVERED,UPS
259,259,TRK00000259,2020-05-16,2020-05-26,2020-05-24,RETURNED,DHL
260,260,TRK00000260,2023-05-29,2023-06-08,2023-06-06,IN_TRANSIT,UPS
261,261,TRK00000261,2024-08-14,2024-08-20,2024-08-24,RETURNED,FEDEX
262,262,TRK00000262,2024-10-12,2024-10-22,2024-10-24,RETURNED,DHL
263,263,TRK00000263,2023-03-17,2023-03-19,2023-03-19,DELIVERED,UPS
264,264,TRK00000264,2023-11-13,2023-11-23,2023-11-24,IN_TRANSIT,FEDEX
265,265,TRK00000265,2023-02-03,2023-02-10,2023-02-09,RETURNED,FEDEX
266,266,TRK00000266,2020-11-24,2020-12-04,2020-12-03,RETURNED,DHL
267,267,TRK00000267,2024-09-28,2024-10-04,2024-10-03,IN_TRANSIT,UPS
268,268,TRK00000268,2021-06-29,2021-07-09,2021-07-12,IN_TRANSIT,FEDEX
269,269,TRK00000269,2022-01-05,2022-01-11,2022-01-15,IN_TRANSIT,DHL
270,270,TRK00000270,2023-08-02,2023-08-07,2023-08-08,DELIVERED,DHL
271,271,TRK00000271,2022-05-10,2022-05-19,2022-05-22,IN_TRANSIT,DHL
272,272,TRK00000272,2022-08-26,2022-09-04,2022-09-03,DELIVERED,UPS
273,273,TRK00000273,2023-07-17,2023-07-26,2023-07-30,RETURNED,DHL
274,274,TRK00000274,2024-04-08,2024-04-13,2024-04-11,DELIVERED,FEDEX
275,275,TRK00000275,2020-09-06,2020-09-11,2020-09-14,IN_TRANSIT,DHL
276,276,TRK00000276,2021-06-28,2021-07-04,2021-07-06,DELIVERED,UPS
277,277,TRK00000277,2021-03-20,2021-03-26,2021-03-28,RETURNED,UPS
278,278,TRK00000278,2023-07-07,2023-07-09,2023-07-13,RETURNED,FEDEX
279,279,TRK00000279,2022-05-20,2022-05-22,2022-05-27,DELIVERED,FEDEX
280,280,TRK00000280,2024-12-19,2024-12-26,2024-12-29,DELIVERED,DHL
281,281,TRK00000281,2021-04-18,2021-04-24,2021-04-29,DELIVERED,DHL
282,282,TRK00000282,2022-07-17,2022-07-26,2022-07-30,RETURNED,UPS
283,283,TRK00000283,2023-05-31,2023-06-08,2023-06-08,DELIVERED,DHL
284,284,TRK00000284,2022-12-03,2022-12-05,2022-12-07,DELIVERED,DHL
285,285,TRK00000285,2021-06-04,2021-06-12,2021-06-16,DELIVERED,UPS
286,286,TRK00000286,2024-07-11,2024-07-19,2024-07-23,DELIVERED,FEDEX
287,287,TRK00000287,2020-10-07,2020-10-16,2020-10-19,RETURNED,UPS
288,288,TRK00000288,2019-06-23,2019-06-30,2019-06-29,IN_TRANSIT,DHL
289,289,TRK00000289,2021-09-30,2021-10-09,2021-10-12,IN_TRANSIT,FEDEX
290,290,TRK00000290,2024-12-07,2024-12-11,2024-12-14,RETURNED,UPS
291,291,TRK00000291,2023-12-13,2023-12-15,2023-12-18,RETURNED,UPS
292,292,TRK00000292,2020-03-01,2020-03-04,2020-03-05,RETURNED,DHL
293,293,TRK00000293,2022-09-22,2022-09-26,2022-09-29,RETURNED,FEDEX
294,294,TRK00000294,2020-10-24,2020-10-28,2020-10-31,IN_TRANSIT,DHL
295,295,TRK00000295,2019-03-23,2019-04-01,2019-04-05,IN_TRANSIT,DHL
296,296,TRK00000296,2023-12-07,2023-12-13,2023-12-14,DELIVERED,DHL
297,297,TRK00000297,2024-02-08,2024-02-15,2024-02-14,IN_TRANSIT,FEDEX
298,298,TRK00000298,2024-04-16,2024-04-22,2024-04-20,DELIVERED,FEDEX
299,299,TRK00000299,2020-12-30,2021-01-04,2021-01-09,DELIVERED,UPS
300,300,TRK00000300,2024-06-22,2024-06-24,2024-06-22,DELIVERED,FEDEX
301,301,TRK00000301,2021-02-11,2021-02-19,2021-02-20,IN_TRANSIT,FEDEX
302,302,TRK00000302,2023-06-29,2023-07-07,2023-07-11,IN_TRANSIT,DHL
303,303,TRK00000303,2021-07-10,2021-07-18,2021-07-22,DELIVERED,DHL
304,304,TRK00000304,2020-03-26,2020-03-30,2020-03-31,DELIVERED,UPS
305,305,TRK00000305,2021-02-02,2021-02-04,2021-02-04,DELIVERED,DHL
306,306,TRK00000306,2019-08-17,2019-08-27,2019-09-01,DELIVERED,DHL
307,307,TRK00000307,2022-03-08,2022-03-15,2022-03-13,RETURNED,UPS
308,308,TRK00000308,2022-11-10,2022-11-14,2022-11-13,RETURNED,FEDEX
309,309,TRK00000309,2019-04-16,2019-04-21,2019-04-24,DELIVERED,DHL
310,310,TRK00000310,2023-01-15,2023-01-18,2023-01-23,DELIVERED,FEDEX
311,311,TRK00000311,2021-08-19,2021-08-24,2021-08-28,DELIVERED,FEDEX
312,312,TRK00000312,2024-10-18,2024-10-21,2024-10-22,RETURNED,UPS
313,313,TRK00000313,2021-08-26,2021-08-31,2021-09-01,DELIVERED,UPS
314,314,TRK00000314,2024-09-01,2024-09-06,2024-09-09,DELIVERED,FEDEX
315,315,TRK00000315,2020-05-30,2020-06-09,2020-06-07,IN_TRANSIT,UPS
316,316,TRK00000316,2024-11-07,2024-11-11,2024-11-13,RETURNED,FEDEX
317,317,TRK00000317,2020-06-10,2020-06-19,2020-06-20,IN_TRANSIT,FEDEX
318,318,TRK00000318,2024-06-17,2024-06-27,2024-06-30,IN_TRANSIT,UPS
319,319,TRK00000319,2019-07-01,2019-07-10,2019-07-12,IN_TRANSIT,FEDEX
320,320,TRK00000320,2022-03-18,2022-03-20,2022-03-22,RETURNED,DHL
321,321,TRK00000321,2019-02-23,2019-02-27,2019-02-28,DELIVERED,DHL
322,322,TRK00000322,2021-07-11,2021-07-14,2021-07-19,IN_TRANSIT,UPS
323,323,TRK00000323,2019-11-15,2019-11-23,2019-11-23,RETURNED,FEDEX
324,324,TRK00000324,2023-02-18,2023-02-20,2023-02-22,DELIVERED,DHL
325,325,TRK00000325,2019-07-25,2019-08-04,2019-08-04,RETURNED,UPS
326,326,TRK00000326,2020-01-07,2020-01-13,2020-01-17,IN_TRANSIT,UPS
327,327,TRK00000327,2019-01-15,2019-01-22,2019-01-22,DELIVERED,FEDEX
328,328,TRK00000328,2023-01-14,2023-01-17,2023-01-17,DELIVERED,FEDEX
329,329,TRK00000329,2019-04-10,2019-04-13,2019-04-14,RETURNED,FEDEX
330,330,TRK00000330,2019-01-27,2019-02-03,2019-02-05,DELIVERED,DHL
331,331,TRK00000331,2021-01-06,2021-01-10,2021-01-13,IN_TRANSIT,DHL
332,332,TRK00000332,2020-10-05,2020-10-14,2020-10-18,DELIVERED,DHL
333,333,TRK00000333,2021-08-02,2021-08-10,2021-08-14,DELIVERED,UPS
334,334,TRK00000334,2022-11-25,2022-11-28,2022-12-01,DELIVERED,UPS
335,335,TRK00000335,2019-02-02,2019-02-07,2019-02-11,IN_TRANSIT,DHL
336,336,TRK00000336,2019-07-02,2019-07-10,2019-07-15,RETURNED,UPS
337,337,TRK00000337,2021-11-01,2021-11-03,2021-11-04,DELIVERED,FEDEX
338,338,TRK00000338,2019-07-08,2019-07-11,2019-07-14,DELIVERED,FEDEX
339,339,TRK00000339,2021-03-10,2021-03-17,2021-03-16,IN_TRANSIT,DHL
340,340,TRK00000340,2023-02-13,2023-02-22,2023-02-21,DELIVERED,DHL
341,341,TRK00000341,2023-02-22,2023-02-28,2023-03-05,IN_TRANSIT,UPS
342,342,TRK00000342,2021-11-12,2021-11-21,2021-11-24,IN_TRANSIT,UPS
343,343,TRK00000343,2024-02-17,2024-02-26,2024-03-02,DELIVERED,FEDEX
344,344,TRK00000344,2021-09-27,2021-10-02,2021-09-30,DELIVERED,DHL
345,345,TRK00000345,2023-06-02,2023-06-05,2023-06-03,DELIVERED,FEDEX
346,346,TRK00000346,2020-08-20,2020-08-30,2020-08-30,DELIVERED,FEDEX
347,347,TRK00000347,2024-04-10,2024-04-16,2024-04-16,RETURNED,DHL
348,348,TRK00000348,2024-01-29,2024-02-07,2024-02-09,RETURNED,FEDEX
349,349,TRK00000349,2024-02-18,2024-02-22,2024-02-20,DELIVERED,FEDEX
350,350,TRK00000350,2019-10-31,2019-11-06,2019-11-10,RETURNED,UPS
351,351,TRK00000351,2020-08-15,2020-08-17,2020-08-17,DELIVERED,DHL
352,352,TRK00000352,2023-04-26,2023-05-05,2023-05-08,RETURNED,UPS
353,353,TRK00000353,2019-11-11,2019-11-19,2019-11-21,DELIVERED,DHL
354,354,TRK00000354,2021-04-24,2021-04-28,2021-04-29,IN_TRANSIT,DHL
355,355,TRK00000355,2023-12-24,2023-12-27,2023-12-26,IN_TRANSIT,FEDEX
356,356,TRK00000356,2022-04-15,2022-04-21,2022-04-24,IN_TRANSIT,FEDEX
357,357,TRK00000357,2022-04-05,2022-04-14,2022-04-18,DELIVERED,FEDEX
358,358,TRK00000358,2019-02-04,2019-02-14,2019-02-14,IN_TRANSIT,FEDEX
359,359,TRK00000359,2020-07-28,2020-08-01,2020-08-01,DELIVERED,FEDEX
360,360,TRK00000360,2019-04-09,2019-04-19,2019-04-24,RETURNED,UPS
361,361,TRK00000361,2021-07-06,2021-07-09,2021-07-12,DELIVERED,UPS
362,362,TRK00000362,2020-12-19,2020-12-21,2020-12-21,DELIVERED,FEDEX
363,363,TRK00000363,2021-12-19,2021-12-29,2021-12-29,RETURNED,UPS
364,364,TRK00000364,2024-01-17,2024-01-21,2024-01-26,IN_TRANSIT,UPS
365,365,TRK00000365,2022-12-23,2022-12-26,2022-12-29,RETURNED,UPS
366,366,TRK00000366,2021-09-22,2021-09-25,2021-09-27,IN_TRANSIT,DHL
367,367,TRK00000367,2021-12-10,2021-12-13,2021-12-16,DELIVERED,FEDEX
368,368,TRK00000368,2019-07-31,2019-08-07,2019-08-10,IN_TRANSIT,DHL
369,369,TRK00000369,2019-02-14,2019-02-17,2019-02-15,DELIVERED,UPS
370,370,TRK00000370,2022-03-20,2022-03-28,2022-04-01,DELIVERED,FEDEX
371,371,TRK00000371,2022-06-02,2022-06-06,2022-06-04,DELIVERED,UPS
372,372,TRK00000372,2020-12-12,2020-12-20,2020-12-20,IN_TRANSIT,FEDEX
373,373,TRK00000373,2019-03-28,2019-04-02,2019-04-02,IN_TRANSIT,FEDEX
374,374,TRK00000374,2023-05-10,2023-05-17,2023-05-22,RETURNED,UPS
375,375,TRK00000375,2020-04-17,2020-04-21,2020-04-23,RETURNED,DHL
376,376,TRK00000376,2022-06-21,2022-06-24,2022-06-29,DELIVERED,UPS
377,377,TRK00000377,2022-07-25,2022-07-29,2022-08-03,IN_TRANSIT,UPS
378,378,TRK00000378,2022-10-21,2022-10-23,2022-10-27,IN_TRANSIT,DHL
379,379,TRK00000379,2019-09-10,2019-09-16,2019-09-18,DELIVERED,DHL
380,380,TRK00000380,2021-09-03,2021-09-07,2021-09-06,IN_TRANSIT,FEDEX
381,381,TRK00000381,2024-06-21,2024-06-30,2024-06-28,DELIVERED,UPS
382,382,TRK00000382,2024-11-18,2024-11-21,2024-11-20,RETURNED,UPS
383,383,TRK00000383,2020-06-15,2020-06-18,2020-06-20,DELIVERED,UPS
384,384,TRK00000384,2021-01-09,2021-01-17,2021-01-17,IN_TRANSIT,DHL
385,385,TRK00000385,2024-10-07,2024-10-10,2024-10-11,DELIVERED,UPS
386,386,TRK00000386,2024-07-03,2024-07-13,2024-07-11,IN_TRANSIT,DHL
387,387,TRK00000387,2023-01-18,2023-01-25,2023-01-26,DELIVERED,FEDEX
388,388,TRK00000388,2023-04-15,2023-04-17,2023-04-18,RETURNED,DHL
389,389,TRK00000389,2020-07-25,2020-08-03,2020-08-05,IN_TRANSIT,UPS
390,390,TRK00000390,2024-08-16,2024-08-23,2024-08-23,IN_TRANSIT,DHL
391,391,TRK00000391,2019-10-22,2019-10-29,2019-11-03,IN_TRANSIT,UPS
392,392,TRK00000392,2023-01-22,2023-01-30,2023-02-01,IN_TRANSIT,UPS
393,393,TRK00000393,2022-01-14,2022-01-20,2022-01-25,DELIVERED,DHL
394,394,TRK00000394,2020-01-09,2020-01-15,2020-01-15,IN_TRANSIT,FEDEX
395,395,TRK00000395,2024-08-15,2024-08-21,2024-08-21,RETURNED,UPS
396,396,TRK00000396,2022-03-07,2022-03-10,2022-03-15,IN_TRANSIT,DHL
397,397,TRK00000397,2020-06-08,2020-06-15,2020-06-16,RETURNED,UPS
398,398,TRK00000398,2019-11-11,2019-11-21,2019-11-19,DELIVERED,FEDEX
399,399,TRK00000399,2023-04-04,2023-04-07,2023-04-11,RETURNED,FEDEX
400,400,TRK00000400,2020-10-26,2020-11-03,2020-11-03,RETURNED,FEDEX
401,401,TRK00000401,2023-12-03,2023-12-05,2023-12-07,RETURNED,FEDEX
402,402,TRK00000402,2019-02-23,2019-03-05,2019-03-08,IN_TRANSIT,UPS
403,403,TRK00000403,2023-11-28,2023-12-03,2023-12-03,IN_TRANSIT,UPS
404,404,TRK00000404,2021-04-06,2021-04-09,2021-04-14,RETURNED,UPS
405,405,TRK00000405,2022-04-15,2022-04-24,2022-04-27,DELIVERED,UPS
406,406,TRK00000406,2020-02-09,2020-02-13,2020-02-14,IN_TRANSIT,UPS
407,407,TRK00000407,2021-05-18,2021-05-23,2021-05-26,DELIVERED,DHL
408,408,TRK00000408,2023-07-30,2023-08-03,2023-08-03,IN_TRANSIT,DHL
409,409,TRK00000409,2024-11-10,2024-11-18,2024-11-20,DELIVERED,UPS
410,410,TRK00000410,2019-01-23,2019-01-27,2019-01-30,DELIVERED,DHL
411,411,TRK00000411,2021-12-09,2021-12-11,2021-12-15,IN_TRANSIT,DHL
412,412,TRK00000412,2021-04-27,2021-04-30,2021-05-04,DELIVERED,DHL
413,413,TRK00000413,2023-05-01,2023-05-11,2023-05-16,RETURNED,FEDEX
414,414,TRK00000414,2021-08-25,2021-08-27,2021-08-30,IN_TRANSIT,UPS
415,415,TRK00000415,2020-10-25,2020-11-01,2020-11-06,DELIVERED,DHL
416,416,TRK00000416,2020-12-28,2021-01-01,2021-01-01,DELIVERED,FEDEX
417,417,TRK00000417,2024-12-29,2025-01-05,2025-01-06,DELIVERED,FEDEX
418,418,TRK00000418,2021-04-02,2021-04-08,2021-04-13,IN_TRANSIT,DHL
419,419,TRK00000419,2020-05-22,2020-05-29,2020-05-30,DELIVERED,DHL
420,420,TRK00000420,2022-03-21,2022-03-24,2022-03-24,DELIVERED,UPS
421,421,TRK00000421,2020-02-12,2020-02-21,2020-02-24,IN_TRANSIT,FEDEX
422,422,TRK00000422,2023-06-20,2023-06-25,2023-06-25,DELIVERED,UPS
423,423,TRK00000423,2024-02-01,2024-02-10,2024-02-15,DELIVERED,UPS
424,424,TRK00000424,2020-02-18,2020-02-24,2020-02-25,DELIVERED,UPS
425,425,TRK00000425,2022-12-17,2022-12-23,2022-12-21,RETURNED,FEDEX
426,426,TRK00000426,2019-06-20,2019-06-24,2019-06-29,RETURNED,DHL
427,427,TRK00000427,2019-08-10,2019-08-18,2019-08-20,IN_TRANSIT,FEDEX
428,428,TRK00000428,2020-06-11,2020-06-18,2020-06-22,IN_TRANSIT,UPS
429,429,TRK00000429,2024-05-21,2024-05-24,2024-05-24,IN_TRANSIT,UPS
430,430,TRK00000430,2022-08-31,2022-09-10,2022-09-14,RETURNED,DHL
431,431,TRK00000431,2020-10-15,2020-10-22,2020-10-23,RETURNED,UPS
432,432,TRK00000432,2019-03-12,2019-03-19,2019-03-20,DELIVERED,DHL
433,433,TRK00000433,2023-04-30,2023-05-02,2023-05-03,RETURNED,FEDEX
434,434,TRK00000434,2021-01-24,2021-01-31,2021-01-31,DELIVERED,DHL
435,435,TRK00000435,2019-03-10,2019-03-12,2019-03-17,IN_TRANSIT,UPS
436,436,TRK00000436,2023-11-13,2023-11-22,2023-11-21,DELIVERED,DHL
437,437,TRK00000437,2022-10-08,2022-10-12,2022-10-17,IN_TRANSIT,UPS
438,438,TRK00000438,2019-02-23,2019-03-05,2019-03-09,DELIVERED,UPS
439,439,TRK00000439,2021-05-04,2021-05-14,2021-05-16,IN_TRANSIT,FEDEX
440,440,TRK00000440,2022-03-31,2022-04-08,2022-04-13,DELIVERED,UPS
441,441,TRK00000441,2022-01-23,2022-01-25,2022-01-29,DELIVERED,FEDEX
442,442,TRK00000442,2020-06-28,2020-07-07,2020-07-07,IN_TRANSIT,DHL
443,443,TRK00000443,2020-11-22,2020-11-30,2020-12-02,DELIVERED,FEDEX
444,444,TRK00000444,2019-10-28,2019-11-01,2019-10-30,IN_TRANSIT,DHL
445,445,TRK00000445,2021-12-21,2021-12-29,2022-01-01,RETURNED,FEDEX
446,446,TRK00000446,2021-07-29,2021-07-31,2021-08-01,RETURNED,DHL
447,447,TRK00000447,2024-04-26,2024-04-29,2024-05-03,RETURNED,DHL
448,448,TRK00000448,2020-02-20,2020-02-26,2020-02-24,RETURNED,DHL
449,449,TRK00000449,2020-01-25,2020-01-27,2020-02-01,DELIVERED,DHL
450,450,TRK00000450,2024-03-06,2024-03-11,2024-03-12,DELIVERED,UPS
451,451,TRK00000451,2019-09-10,2019-09-14,2019-09-17,DELIVERED,DHL
452,452,TRK00000452,2022-02-06,2022-02-08,2022-02-13,IN_TRANSIT,UPS
453,453,TRK00000453,2019-03-24,2019-03-29,2019-03-29,RETURNED,DHL
454,454,TRK00000454,2021-10-31,2021-11-10,2021-11-15,IN_TRANSIT,DHL
455,455,TRK00000455,2020-10-01,2020-10-04,2020-10-07,RETURNED,DHL
456,456,TRK00000456,2020-05-15,2020-05-20,2020-05-23,RETURNED,FEDEX
457,457,TRK00000457,2023-05-22,2023-05-31,2023-05-29,DELIVERED,FEDEX
458,458,TRK00000458,2022-04-22,2022-04-29,2022-05-01,IN_TRANSIT,UPS
459,459,TRK00000459,2024-03-20,2024-03-30,2024-03-29,IN_TRANSIT,UPS
460,460,TRK00000460,2019-05-22,2019-05-25,2019-05-24,DELIVERED,UPS
461,461,TRK00000461,2022-11-13,2022-11-17,2022-11-21,RETURNED,DHL
462,462,TRK00000462,2019-08-04,2019-08-08,2019-08-08,DELIVERED,DHL
463,463,TRK00000463,2023-09-18,2023-09-20,2023-09-19,DELIVERED,UPS
464,464,TRK00000464,2022-05-24,2022-06-01,2022-05-31,IN_TRANSIT,UPS
465,465,TRK00000465,2020-04-12,2020-04-22,2020-04-21,IN_TRANSIT,DHL
466,466,TRK00000466,2022-12-21,2022-12-23,2022-12-25,DELIVERED,FEDEX
467,467,TRK00000467,2024-10-22,2024-10-29,2024-10-30,RETURNED,UPS
468,468,TRK00000468,2022-07-31,2022-08-10,2022-08-09,RETURNED,UPS
469,469,TRK00000469,2022-12-29,2023-01-07,2023-01-07,IN_TRANSIT,DHL
470,470,TRK00000470,2023-11-28,2023-12-01,2023-11-30,DELIVERED,UPS
471,471,TRK00000471,2022-07-19,2022-07-24,2022-07-27,DELIVERED,DHL
472,472,TRK00000472,2021-05-22,2021-05-28,2021-05-30,DELIVERED,UPS
473,473,TRK00000473,2021-05-21,2021-05-26,2021-05-25,RETURNED,DHL
474,474,TRK00000474,2023-03-05,2023-03-10,2023-03-10,RETURNED,DHL
475,475,TRK00000475,2024-12-08,2024-12-14,2024-12-13,RETURNED,DHL
476,476,TRK00000476,2019-07-23,2019-07-29,2019-07-27,RETURNED,UPS
477,477,TRK00000477,2024-07-04,2024-07-11,2024-07-11,RETURNED,FEDEX
478,478,TRK00000478,2019-05-22,2019-05-24,2019-05-29,IN_TRANSIT,UPS
479,479,TRK00000479,2021-11-03,2021-11-07,2021-11-05,DELIVERED,DHL
480,480,TRK00000480,2023-06-02,2023-06-08,2023-06-13,IN_TRANSIT,DHL
481,481,TRK00000481,2019-12-26,2020-01-04,2020-01-07,IN_TRANSIT,DHL
482,482,TRK00000482,2022-06-13,2022-06-15,2022-06-15,DELIVERED,FEDEX
483,483,TRK00000483,2022-05-07,2022-05-09,2022-05-08,DELIVERED,FEDEX
484,484,TRK00000484,2022-10-16,2022-10-23,2022-10-25,IN_TRANSIT,DHL
485,485,TRK00000485,2024-12-23,2024-12-25,2024-12-27,DELIVERED,UPS
486,486,TRK00000486,2019-03-08,2019-03-15,2019-03-17,DELIVERED,UPS
487,487,TRK00000487,2020-08-05,2020-08-15,2020-08-13,DELIVERED,FEDEX
488,488,TRK00000488,2022-02-08,2022-02-15,2022-02-16,DELIVERED,FEDEX
489,489,TRK00000489,2024-07-06,2024-07-10,2024-07-08,IN_TRANSIT,DHL
490,490,TRK00000490,2024-05-04,2024-05-13,2024-05-17,DELIVERED,FEDEX
491,491,TRK00000491,2023-10-28,2023-11-02,2023-10-31,IN_TRANSIT,UPS
492,492,TRK00000492,2020-08-29,2020-09-04,2020-09-02,RETURNED,FEDEX
493,493,TRK00000493,2022-03-09,2022-03-14,2022-03-12,RETURNED,FEDEX
494,494,TRK00000494,2019-11-29,2019-12-01,2019-11-30,IN_TRANSIT,FEDEX
495,495,TRK00000495,2021-05-08,2021-05-15,2021-05-16,IN_TRANSIT,UPS
496,496,TRK00000496,2024-05-27,2024-05-30,2024-06-01,IN_TRANSIT,UPS
497,497,TRK00000497,2022-11-20,2022-11-30,2022-12-05,IN_TRANSIT,UPS
498,498,TRK00000498,2023-10-30,2023-11-09,2023-11-11,RETURNED,UPS
499,499,TRK00000499,2021-10-09,2021-10-17,2021-10-19,RETURNED,FEDEX
500,500,TRK00000500,2022-05-29,2022-06-07,2022-06-06,IN_TRANSIT,DHL
501,501,TRK00000501,2024-07-03,2024-07-10,2024-07-14,DELIVERED,UPS
502,502,TRK00000502,2024-03-02,2024-03-10,2024-03-14,IN_TRANSIT,FEDEX
503,503,TRK00000503,2021-03-29,2021-04-06,2021-04-09,IN_TRANSIT,FEDEX
504,504,TRK00000504,2021-10-12,2021-10-16,2021-10-16,DELIVERED,UPS
505,505,TRK00000505,2022-03-14,2022-03-23,2022-03-28,IN_TRANSIT,DHL
506,506,TRK00000506,2024-07-24,2024-08-02,2024-08-02,DELIVERED,FEDEX
507,507,TRK00000507,2022-03-17,2022-03-24,2022-03-25,IN_TRANSIT,FEDEX
508,508,TRK00000508,2023-09-20,2023-09-23,2023-09-21,RETURNED,FEDEX
509,509,TRK00000509,2023-09-30,2023-10-08,2023-10-12,RETURNED,FEDEX
510,510,TRK00000510,2023-01-30,2023-02-02,2023-02-03,RETURNED,UPS
511,511,TRK00000511,2019-03-02,2019-03-08,2019-03-13,DELIVERED,FEDEX
512,512,TRK00000512,2021-01-11,2021-01-18,2021-01-20,RETURNED,DHL
513,513,TRK00000513,2020-04-09,2020-04-18,2020-04-16,IN_TRANSIT,UPS
514,514,TRK00000514,2020-06-21,2020-06-26,2020-07-01,IN_TRANSIT,UPS
515,515,TRK00000515,2019-05-18,2019-05-23,2019-05-22,IN_TRANSIT,DHL
516,516,TRK00000516,2020-11-17,2020-11-21,2020-11-19,RETURNED,FEDEX
517,517,TRK00000517,2021-04-23,2021-05-02,2021-05-06,DELIVERED,FEDEX
518,518,TRK00000518,2020-09-05,2020-09-11,2020-09-13,RETURNED,UPS
519,519,TRK00000519,2023-09-15,2023-09-25,2023-09-23,IN_TRANSIT,DHL
520,520,TRK00000520,2020-12-20,2020-12-25,2020-12-24,IN_TRANSIT,UPS
521,521,TRK00000521,2020-05-09,2020-05-11,2020-05-10,IN_TRANSIT,DHL
522,522,TRK00000522,2020-01-04,2020-01-08,2020-01-06,DELIVERED,DHL
523,523,TRK00000523,2023-08-17,2023-08-22,2023-08-22,IN_TRANSIT,DHL
524,524,TRK00000524,2022-12-02,2022-12-10,2022-12-10,DELIVERED,FEDEX
525,525,TRK00000525,2022-04-25,2022-05-04,2022-05-06,DELIVERED,UPS
526,526,TRK00000526,2022-04-07,2022-04-15,2022-04-13,DELIVERED,UPS
527,527,TRK00000527,2021-09-29,2021-10-05,2021-10-07,IN_TRANSIT,DHL
528,528,TRK00000528,2019-10-11,2019-10-14,2019-10-16,DELIVERED,UPS
529,529,TRK00000529,2024-11-13,2024-11-19,2024-11-17,IN_TRANSIT,FEDEX
530,530,TRK00000530,2021-01-15,2021-01-17,2021-01-15,DELIVERED,DHL
531,531,TRK00000531,2023-07-29,2023-08-05,2023-08-08,DELIVERED,UPS
532,532,TRK00000532,2024-04-21,2024-04-26,2024-05-01,RETURNED,DHL
533,533,TRK00000533,2021-03-18,2021-03-20,2021-03-25,IN_TRANSIT,DHL
534,534,TRK00000534,2022-02-09,2022-02-19,2022-02-20,RETURNED,DHL
535,535,TRK00000535,2024-06-18,2024-06-24,2024-06-24,DELIVERED,DHL
536,536,TRK00000536,2021-03-17,2021-03-19,2021-03-23,IN_TRANSIT,DHL
537,537,TRK00000537,2022-02-23,2022-03-01,2022-03-02,RETURNED,DHL
538,538,TRK00000538,2021-07-21,2021-07-28,2021-08-02,DELIVERED,UPS
539,539,TRK00000539,2023-07-14,2023-07-22,2023-07-25,DELIVERED,DHL
540,540,TRK00000540,2020-04-05,2020-04-11,2020-04-15,IN_TRANSIT,DHL
541,541,TRK00000541,2019-01-16,2019-01-26,2019-01-30,RETURNED,FEDEX
542,542,TRK00000542,2023-01-01,2023-01-05,2023-01-04,DELIVERED,UPS
543,543,TRK00000543,2020-07-22,2020-07-27,2020-07-26,IN_TRANSIT,DHL
544,544,TRK00000544,2022-01-14,2022-01-18,2022-01-19,RETURNED,DHL
545,545,TRK00000545,2020-02-12,2020-02-22,2020-02-20,RETURNED,FEDEX
546,546,TRK00000546,2024-04-15,2024-04-22,2024-04-25,IN_TRANSIT,FEDEX
547,547,TRK00000547,2024-05-19,2024-05-26,2024-05-26,RETURNED,DHL
548,548,TRK00000548,2022-08-26,2022-09-03,2022-09-06,IN_TRANSIT,UPS
549,549,TRK00000549,2020-04-09,2020-04-17,2020-04-17,DELIVERED,UPS
550,550,TRK00000550,2024-01-12,2024-01-22,2024-01-22,DELIVERED,DHL
551,551,TRK00000551,2022-11-16,2022-11-25,2022-11-24,IN_TRANSIT,UPS
552,552,TRK00000552,2022-11-15,2022-11-19,2022-11-23,RETURNED,DHL
553,553,TRK00000553,2021-12-05,2021-12-11,2021-12-10,DELIVERED,UPS
554,554,TRK00000554,2019-10-28,2019-11-03,2019-11-02,IN_TRANSIT,UPS
555,555,TRK00000555,2022-07-25,2022-07-30,2022-08-01,IN_TRANSIT,FEDEX
556,556,TRK00000556,2024-07-15,2024-07-24,2024-07-26,IN_TRANSIT,DHL
557,557,TRK00000557,2019-11-12,2019-11-17,2019-11-21,DELIVERED,FEDEX
558,558,TRK00000558,2021-04-04,2021-04-06,2021-04-10,RETURNED,DHL
559,559,TRK00000559,2024-09-27,2024-10-07,2024-10-08,DELIVERED,UPS
560,560,TRK00000560,2021-09-22,2021-09-29,2021-10-01,IN_TRANSIT,UPS
561,561,TRK00000561,2023-10-24,2023-11-03,2023-11-05,RETURNED,FEDEX
562,562,TRK00000562,2020-01-15,2020-01-25,2020-01-30,DELIVERED,DHL
563,563,TRK00000563,2023-08-18,2023-08-25,2023-08-23,IN_TRANSIT,DHL
564,564,TRK00000564,2024-03-16,2024-03-24,2024-03-26,RETURNED,DHL
565,565,TRK00000565,2023-07-13,2023-07-21,2023-07-22,IN_TRANSIT,DHL
566,566,TRK00000566,2021-07-25,2021-08-04,2021-08-04,RETURNED,DHL
567,567,TRK00000567,2021-04-16,2021-04-22,2021-04-21,IN_TRANSIT,UPS
568,568,TRK00000568,2021-11-01,2021-11-06,2021-11-07,DELIVERED,UPS
569,569,TRK00000569,2024-08-05,2024-08-08,2024-08-12,RETURNED,UPS
570,570,TRK00000570,2021-07-24,2021-07-27,2021-07-28,RETURNED,FEDEX
571,571,TRK00000571,2019-09-06,2019-09-08,2019-09-12,RETURNED,DHL
572,572,TRK00000572,2021-10-07,2021-10-15,2021-10-13,DELIVERED,FEDEX
573,573,TRK00000573,2019-02-15,2019-02-17,2019-02-16,DELIVERED,DHL
574,574,TRK00000574,2024-07-06,2024-07-09,2024-07-11,DELIVERED,DHL
575,575,TRK00000575,2024-07-23,2024-07-26,2024-07-30,DELIVERED,FEDEX
576,576,TRK00000576,2022-10-16,2022-10-26,2022-10-24,IN_TRANSIT,UPS
577,577,TRK00000577,2019-08-06,2019-08-10,2019-08-12,RETURNED,FEDEX
578,578,TRK00000578,2023-01-01,2023-01-05,2023-01-06,RETURNED,FEDEX
579,579,TRK00000579,2022-11-19,2022-11-23,2022-11-26,RETURNED,FEDEX
580,580,TRK00000580,2022-11-12,2022-11-18,2022-11-22,DELIVERED,UPS
581,581,TRK00000581,2020-04-02,2020-04-10,2020-04-15,RETURNED,FEDEX
582,582,TRK00000582,2019-02-20,2019-02-25,2019-02-23,IN_TRANSIT,FEDEX
583,583,TRK00000583,2022-05-04,2022-05-10,2022-05-14,DELIVERED,FEDEX
584,584,TRK00000584,2024-06-13,2024-06-16,2024-06-19,IN_TRANSIT,UPS
585,585,TRK00000585,2020-11-12,2020-11-19,2020-11-18,RETURNED,FEDEX
586,586,TRK00000586,2023-03-02,2023-03-05,2023-03-03,IN_TRANSIT,UPS
587,587,TRK00000587,2021-10-15,2021-10-21,2021-10-21,DELIVERED,UPS
588,588,TRK00000588,2024-01-10,2024-01-12,2024-01-15,DELIVERED,DHL
589,589,TRK00000589,2020-10-14,2020-10-16,2020-10-18,DELIVERED,UPS
590,590,TRK00000590,2022-08-26,2022-09-04,2022-09-04,RETURNED,FEDEX
591,591,TRK00000591,2023-12-31,2024-01-03,2024-01-07,RETURNED,FEDEX
592,592,TRK00000592,2022-07-09,2022-07-11,2022-07-12,RETURNED,FEDEX
593,593,TRK00000593,2024-03-25,2024-03-31,2024-04-03,DELIVERED,DHL
594,594,TRK00000594,2021-04-07,2021-04-09,2021-04-13,IN_TRANSIT,FEDEX
595,595,TRK00000595,2022-05-05,2022-05-14,2022-05-13,IN_TRANSIT,UPS
596,596,TRK00000596,2024-12-05,2024-12-08,2024-12-09,DELIVERED,DHL
597,597,TRK00000597,2023-10-25,2023-10-29,2023-11-01,RETURNED,FEDEX
598,598,TRK00000598,2019-11-03,2019-11-11,2019-11-16,IN_TRANSIT,DHL
599,599,TRK00000599,2019-01-08,2019-01-11,2019-01-14,IN_TRANSIT,UPS
600,600,TRK00000600,2021-12-17,2021-12-23,2021-12-22,IN_TRANSIT,UPS
